"i";"nb";"exp";"imp";"exp_pct";"imp_pct";"vol_pct";"sol_pct";"vol_rnk";"country";"GDP";"WPI"
"ABW";69;0.980355014;0.980355014;0.00569437353022344;0.00569437353022344;0.00569437353022344;0;177;"Aruba";2.9806331471136;188.25
"AFG";81;5.709806293;5.709806293;0.0331653017052478;0.0331653017052478;0.0331653017052478;0;121;"Afghanistan";18.8879582617136;64.8333333333333
"AGO";91;8.561365989;8.561365989;0.0497285321889697;0.0497285321889697;0.0497285321889697;0;102;"Angola";105.922050225219;47.0833333333333
"ALB";85;5.366332755;5.366332755;0.0311702421653989;0.0311702421653989;0.0311702421653989;0;126;"Albania";13.338788878567;132.833333333333
"AND";64;1.462992649;1.462992649;0.0084977650916335;0.0084977650916335;0.0084977650916335;0;163;"Andorra";3.01182082999015;189.5
"ARE";215;62.581217108;208.317005664;0.363501814240695;1.21000538173255;0.786753597986622;-0.846503567491854;30;"United Arab Emirates";388.828588181967;82.3333333333333
"ARG";168;64.004800332;49.359184213;0.371770670433657;0.286701886604448;0.329236278519053;0.0850687838292092;45;"Argentina";551.796240961198;19.3333333333333
"ARM";108;2.436296992;3.641805922;0.014151184932898;0.021153360719638;0.017652272826268;-0.00700217578674003;147;"Armenia";11.7515350927235;134.333333333333
"ASM";42;0.141917358;0.141917358;0.000824324285931019;0.000824324285931019;0.000824324285931019;0;210;"American Samoa";0.63775;200.083333333333
"ATG";70;1.021942061;1.021942061;0.00593593110503578;0.00593593110503578;0.00593593110503578;0;175;"Antigua and Barb.";1.50171407407407;191.5
"AUS";209;257.499827165;196.827625859;1.49568286886478;1.14326953675193;1.31947620280835;0.352413332112845;21;"Australia";1343.83552815044;22
"AUT";217;170.819103768;174.037219381;0.992199528805583;1.01089189239038;1.00154571059798;-0.018692363584796;27;"Austria";418.958866588152;79.1666666666667
"AZE";122;19.346372256;11.973752254;0.112373036815432;0.0695493131762887;0.0909611749958605;0.0428237236391436;78;"Azerbaijan";45.3936073181843;86.6666666666667
"BDI";91;0.198504287;0.417963027;0.00115300839123232;0.00242773032582344;0.00179036935852788;-0.00127472193459112;196;"Burundi";3.05711898492006;137.833333333333
"BEL";227;444.131981207;377.85345492;2.57973220067688;2.19475463609953;2.38724341838821;0.384977564577347;11;"Belgium";503.483832028249;73.3333333333333
"BEN";128;0.897950478;5.392518399;0.00521572834366581;0.0313223409825989;0.0182690346631323;-0.0261066126389331;145;"Benin";12.9105158190294;98.0833333333333
"BFA";123;3.30117211;2.939896735;0.0191747956744738;0.0170763345015894;0.0181255650880316;0.0020984611728844;146;"Burkina Faso";14.1646387832965;86.8333333333333
"BGD";99;53.165660364;53.165660364;0.308811731230266;0.308811731230266;0.308811731230266;0;47;"Bangladesh";248.56304818888;38.6666666666667
"BGR";200;32.767580095;37.357699091;0.190329868341393;0.216991487589661;0.203660677965527;-0.0266616192482678;60;"Bulgaria";59.6429656727146;81.8333333333333
"BHR";89;11.498542246;11.498542246;0.0667890648456238;0.0667890648456238;0.0667890648456238;0;89;"Bahrain";34.9971914893617;140.166666666667
"BHS";76;10.474109483;10.474109483;0.0608386665451966;0.0608386665451966;0.0608386665451966;0;94;"Bahamas";12.54618;159.75
"BIH";144;6.570116067;9.59033238;0.0381623947326703;0.0557052639817649;0.0469338293572176;-0.0175428692490945;105;"Bosnia and Herz.";18.310539002146;117.666666666667
"BLR";164;31.3145964;37.66541134;0.181890240069492;0.218778828359697;0.200334534214594;-0.0368885882902044;61;"Belarus";56.4031413516866;70.3333333333333
"BLZ";99;0.213923796;0.829313363;0.00124257231720275;0.00481705096122228;0.00302981163921252;-0.00357447864401953;188;"Belize";1.81726272;168.916666666667
"BMU";73;0.097098342;1.154909759;0.000563993880397885;0.00670827146036949;0.00363613267038369;-0.00614427757997161;184;"Bermuda";7.081042;181.75
"BOL";80;6.561740264;6.561740264;0.0381137440395883;0.0381137440395883;0.0381137440395883;0;110;"Bolivia";37.1265874775989;68.3333333333333
"BRA";225;223.868677464;188.663182237;1.30033697282353;1.0958465206137;1.19809174671862;0.204490452209833;24;"Brazil";1877.19723273454;6.66666666666667
"BRB";131;0.346752351;1.201100842;0.00201410446305643;0.00697657149108424;0.00449533797707033;-0.00496246702802781;181;"Barbados";4.9637;175.166666666667
"BRN";100;7.02339242;3.830714778;0.0407952418437062;0.0222506342316509;0.0315229380376785;0.0185446076120553;125;"Brunei";12.6992256396449;155.166666666667
"BTN";47;0.807896627;0.807896627;0.00469265225581393;0.00469265225581393;0.00469265225581393;0;180;"Bhutan";2.31806976651296;160.583333333333
"BWA";116;5.24299425;6.249585556;0.0304538327952222;0.0363005993305943;0.0333772160629082;-0.0058467665353721;120;"Botswana";16.8952564258022;118.666666666667
"CAF";72;0.299068134;0.299068134;0.00173713159178367;0.00173713159178367;0.00173713159178367;0;199;"Central African Rep.";2.00689607946134;126.166666666667
"CAN";218;408.360123447;390.544964216;2.37195204242141;2.26847302745947;2.32021253494044;0.103479014961943;12;"Canada";1637.38780864586;15.8333333333333
"CHE";220;311.557365436;261.301636761;1.80967505602507;1.51776560789426;1.66372033195967;0.291909448130808;18;"Switzerland";687.863005262315;88.3333333333333
"CHL";178;67.753497182;65.859730739;0.393544905083996;0.382544998569064;0.38804495182653;0.0109999065149317;42;"Chile";270.396070188754;53.6666666666667
"CHN";213;2443.416276091;1733.192212396;14.1925371596964;10.0672141378543;12.1298756487754;4.1253230218421;1;"China";12568.5919086624;2.16666666666667
"CIV";156;12.600499618;9.685487703;0.0731897633690583;0.0562579718731034;0.0647238676210808;0.0169317914959549;92;"Côte d'Ivoire";52.38358452593;70.4166666666667
"CMR";91;5.057613171;5.057613171;0.0293770503090953;0.0293770503090953;0.0293770503090953;0;129;"Cameroon";35.2566250840227;66.6666666666667
"COD";81;6.172506763;6.172506763;0.0358528886213789;0.0358528886213789;0.0358528886213789;0;115;"Dem. Rep. Congo";42.0607717768915;53.3333333333333
"COG";136;5.610095497;2.291829265;0.0325861334352726;0.0133120468769362;0.0229490901561044;0.0192740865583364;139;"Congo";11.8546288172189;115.166666666667
"COL";188;39.4107679;50.037759978;0.228916698880208;0.290643381082761;0.259780039981484;-0.061726682202553;51;"Colombia";309.075078248297;40.8333333333333
"COM";76;0.071610241;0.257718585;0.000415946728501479;0.00149695351960595;0.000956450124053714;-0.00108100679110447;208;"Comoros";1.08013508153312;176.916666666667
"CPV";73;0.19552444;0.907130286;0.00113570000637316;0.00526904908456195;0.00320237454546756;-0.00413334907818879;186;"Cape Verde";1.79568304752022;172.833333333333
"CRI";153;11.425435;12.764129932;0.0663644227919341;0.074140206948657;0.0702523148702955;-0.00777578415672291;87;"Costa Rica";58.5542262848837;113
"CUB";85;4.998631871;4.998631871;0.0290344585451915;0.0290344585451915;0.0290344585451915;0;131;"Cuba";93.84425;74.5
"CUW";74;1.043401048;1.043401048;0.00606057522457737;0.00606057522457737;0.00606057522457737;0;173;"Curaçao";3.12410091620112;177
"CYM";64;4.347970219;4.347970219;0.025255102663527;0.025255102663527;0.025255102663527;0;133;"Cayman Is.";5.0720720235415;189.166666666667
"CYP";193;1.422727782;12.988510247;0.00826388737430817;0.0754435157584176;0.0418537015663629;-0.0671796283841095;108;"Cyprus";22.7567569534574;143.333333333333
"CZE";207;199.202735935;164.881303246;1.15706531864216;0.957709926939555;1.05738762279086;0.199355391702609;26;"Czech Rep.";220.504659267009;72
"DEU";230;1470.334784466;1182.871382739;8.54041174642269;6.87068602224517;7.70554888433393;1.66972572417752;3;"Germany";3666.24545408874;21
"DJI";76;4.292398286;4.292398286;0.024932314143267;0.024932314143267;0.024932314143267;0;135;"Djibouti";2.82455171899617;166.833333333333
"DMA";68;0.510244814;0.510244814;0.00296374733773268;0.00296374733773268;0.00296374733773268;0;189;"Dominica";0.554056296296296;192.416666666667
"DNK";220;108.607729026;117.237559131;0.630845936942731;0.68097214165273;0.65590903929773;-0.0501262047099985;34;"Denmark";330.978778284832;87
"DOM";90;17.12643821;17.12643821;0.0994785919563128;0.0994785919563128;0.0994785919563128;0;76;"Dominican Rep.";80.272839769625;89.75
"DZA";90;40.033040141;40.033040141;0.232531155405794;0.232531155405794;0.232531155405794;0;55;"Algeria";168.603289023198;32
"ECU";157;22.314234737;21.19339167;0.129611809822972;0.123101414097838;0.126356611960405;0.006510395725134;70;"Ecuador";103.7043224;70.5
"EGY";104;66.037930367;66.037930367;0.383580067733079;0.383580067733079;0.383580067733079;0;43;"Egypt";290.069448965106;31.5
"ESP";225;315.861240293;355.136345008;1.83467403161362;2.06280273345331;1.94873838253346;-0.228128701839689;16;"Spain";1311.07578623077;27.3333333333333
"EST";181;0.05020731;19.651427541;0.000291628209174154;0.114144944660399;0.0572182864347864;-0.113853316451224;97;"Estonia";27.2724617686508;124.666666666667
"ETH";90;8.59554311;8.59554311;0.0499270493489601;0.0499270493489601;0.0499270493489601;0;101;"Ethiopia";80.1677368772716;41.8333333333333
"FIN";215;69.563276154;70.643175063;0.404056971964404;0.410329544323306;0.407193258143855;-0.00627257235890133;41;"Finland";255.10462200228;76.8333333333333
"FJI";130;0.974302263;2.715657281;0.00565921624068319;0.0157738438802792;0.0107165300604812;-0.010114627639596;161;"Fiji";5.20875986689598;155.166666666667
"FRA";224;553.203127695;648.685349486;3.2132698891702;3.76787656594453;3.49057322755736;-0.554606676774333;5;"France";2601.60535632883;21.3333333333333
"FRO";52;1.188174799;1.188174799;0.00690149081514685;0.00690149081514685;0.00690149081514685;0;170;"Faeroe Is.";2.81972978087453;188.083333333333
"FSM";34;0.116766478;0.116766478;0.000678235875825916;0.000678235875825916;0.000678235875825916;0;211;"Micronesia";0.35433855;197.083333333333
"GAB";88;2.171042073;2.171042073;0.0126104567599964;0.0126104567599964;0.0126104567599964;0;156;"Gabon";15.4146439468243;123.333333333333
"GBR";226;453.034499534;666.410797519;2.63144230975947;3.87083449511208;3.25113840243577;-1.23939218535261;7;"United Kingdom";2795.77586765832;29.1666666666667
"GEO";89;9.065269855;9.065269855;0.0526554482503463;0.0526554482503463;0.0526554482503463;0;99;"Georgia";16.2831163352748;122
"GHA";159;17.134733493;13.472663591;0.0995267749505;0.0782557112868456;0.0888912431186728;0.0212710636636544;79;"Ghana";59.022565018037;64
"GIN";88;4.268533615;4.268533615;0.0247936966537767;0.0247936966537767;0.0247936966537767;0;136;"Guinea";10.1837413232489;100.5
"GMB";78;1.362810974;1.362810974;0.00791586172990556;0.00791586172990556;0.00791586172990556;0;166;"Gambia";1.57288217487874;157.166666666667
"GNB";59;0.312622013;0.312622013;0.00181585904123541;0.00181585904123541;0.00181585904123541;0;195;"Guinea-Bissau";1.27514582110904;159.583333333333
"GNQ";76;0.877236991;0.877236991;0.00509541444675394;0.00509541444675394;0.00509541444675394;0;179;"Eq. Guinea";12.1864968822141;142.083333333333
"GRC";213;37.349954581;63.621360376;0.216946503750012;0.369543466711847;0.293244985230929;-0.152596962961835;49;"Greece";204.678670159771;69.1666666666667
"GRD";62;0.288529114;0.288529114;0.00167591589372992;0.00167591589372992;0.00167591589372992;0;200;"Grenada";1.11272486666667;193.083333333333
"GRL";46;1.011915203;1.011915203;0.00587769029025834;0.00587769029025834;0.00587769029025834;0;176;"Greenland";2.77113518035975;170
"GTM";152;11.260420479;15.907393107;0.0654059390721937;0.0923977915650867;0.0789018653186402;-0.026991852492893;83;"Guatemala";69.9361535116196;85
"GUM";57;1.049579353;1.049579353;0.00609646179214854;0.00609646179214854;0.00609646179214854;0;172;"Guam";5.819;187
"GUY";129;3.858718385;3.262132292;0.0224132926525029;0.0189480336310617;0.0206806631417823;0.00346525902144121;140;"Guyana";4.69442147626255;144.75
"HKG";196;523.901049457;547.551165641;3.04306932272621;3.18044057463157;3.11175494867889;-0.137371251905363;8;"Hong Kong";339.774768106367;105.5
"HND";119;2.523647657;10.566122554;0.014658559616069;0.0613731227253095;0.0380158411706893;-0.0467145631092404;111;"Honduras";22.9906414594252;100.166666666667
"HRV";185;17.04301902;29.824167816;0.0989940531712144;0.173233113869066;0.13611358352014;-0.0742390606978521;66;"Croatia";55.7472701182033;108.833333333333
"HTI";82;2.650665943;2.650665943;0.0153963429244867;0.0153963429244867;0.0153963429244867;0;154;"Haiti";14.6184604344816;112.833333333333
"HUN";206;121.990766351;114.953570858;0.708581055761099;0.667705639029312;0.688143347395205;0.040875416731787;32;"Hungary";144.078860918197;74
"IDN";214;163.648165581;165.31524291;0.950547270168875;0.960230457258785;0.95538886371383;-0.00968318708990978;28;"Indonesia";993.956286394802;10.5
"IMN";NA;NA;NA;NA;NA;NA;NA;NA;NA;7.10088272875602;184.833333333333
"IND";224;319.132191237;375.093157593;1.85367328821779;2.17872150135758;2.01619739478768;-0.325048213139787;13;"India";2526.64699085974;3.33333333333333
"IRL";209;167.23962782;82.362708741;0.971408210559351;0.478402233715972;0.724905222137662;0.493005976843379;31;"Ireland";339.811859108476;96.5
"IRN";84;28.70250162;28.70250162;0.166717937014727;0.166717937014727;0.166717937014727;0;65;"Iran";425.569199743069;16.8333333333333
"IRQ";86;36.741792056;36.741792056;0.213414003242564;0.213414003242564;0.213414003242564;0;57;"Iraq";201.237980921772;42.6666666666667
"ISL";139;5.336245683;5.941099038;0.0309954819775567;0.0345087612337373;0.032752121605647;-0.0035132792561806;122;"Iceland";22.4842548457562;143.5
"ISR";134;57.861420266;69.767459392;0.336086963680123;0.405242966434957;0.37066496505754;-0.0691560027548337;44;"Israel";347.451462916667;88.6666666666667
"ITA";230;507.711614428;475.79401425;2.94903329599925;2.76364051990655;2.8563369079529;0.185392776092701;9;"Italy";1953.72279976972;29.3333333333333
"JAM";132;1.540173124;4.974784513;0.00894606641881993;0.0288959416179338;0.0189210040183769;-0.0199498751991139;144;"Jamaica";15.0483822673446;136.75
"JOR";152;7.025038242;17.805762484;0.0408048015696202;0.103424434134975;0.0721146178522974;-0.0626196325653545;85;"Jordan";41.4647076835416;95.6666666666667
"JPN";214;662.614225051;578.838776457;3.84878217584139;3.36217406944752;3.60547812264446;0.486608106393862;4;"Japan";4843.09086721525;23.6666666666667
"KAZ";136;57.723176126;45.62413664;0.335283975211372;0.265006933521037;0.300145454366205;0.0702770416903346;48;"Kazakhstan";169.895691248895;35.3333333333333
"KEN";181;5.813187754;16.950598562;0.0337657909633506;0.0984572306914282;0.0661115108273894;-0.0646914397280776;90;"Kenya";79.0886363384094;53.5
"KGZ";97;1.993429446;10.349789354;0.0115787971801717;0.0601165554306085;0.0358476763053901;-0.0485377582504368;116;"Kyrgyzstan";7.58398669052638;111.833333333333
"KHM";158;14.761904521;27.361546057;0.0857442428096442;0.158929022025658;0.122336632417651;-0.0731847792160139;72;"Cambodia";22.3810091850989;89
"KIR";37;0.093400584;0.093400584;0.000542515523092955;0.000542515523092955;0.000542515523092955;0;214;"Kiribati";0.185621610864321;194
"KNA";59;0.307696061;0.307696061;0.00178724674234432;0.00178724674234432;0.00178724674234432;0;197;"St. Kitts and Nevis";0.991066666666665;198.166666666667
"KOR";219;526.451163804;433.785239433;3.05788161360985;2.51963334705698;2.78875748033341;0.538248266552865;10;"Korea";1592.27423475169;44.1666666666667
"KWT";155;3.542470465;24.892767269;0.0205763725991351;0.144589167195922;0.0825827698975284;-0.124012794596786;80;"Kuwait";123.993630846291;109.666666666667
"LAO";107;4.981029747;6.716311949;0.0289322169413338;0.0390115707442172;0.0339718938427755;-0.0100793538028833;118;"Lao PDR";16.6353695804456;103.833333333333
"LBN";99;13.976098555;13.976098555;0.0811799037398365;0.0811799037398365;0.0811799037398365;0;82;"Lebanon";52.2476091677664;110.5
"LBR";79;12.220547326;12.220547326;0.070982817677533;0.070982817677533;0.070982817677533;0;86;"Liberia";3.21495982;134.333333333333
"LBY";81;13.184735719;13.184735719;0.0765832876958848;0.0765832876958848;0.0765832876958848;0;84;"Libya";39.324311868948;73.8333333333333
"LCA";64;1.953479381;1.953479381;0.0113467479843008;0.0113467479843008;0.0113467479843008;0;158;"Saint Lucia";1.97217424444444;188.583333333333
"LIE";NA;NA;NA;NA;NA;NA;NA;NA;NA;6.48387390038382;197.5
"LKA";98;17.176317179;17.176317179;0.0997683130030075;0.0997683130030075;0.0997683130030075;0;75;"Sri Lanka";84.5735836607812;87.5
"LSO";55;1.458841467;1.458841467;0.00847365302961273;0.00847365302961273;0.00847365302961273;0;164;"Lesotho";2.37903974897939;152.166666666667
"LTU";194;33.128661902;32.138819408;0.192427205178216;0.186677723800112;0.189552464489164;0.00574948137810405;63;"Lithuania";48.1091984194591;109.333333333333
"LUX";197;14.420469024;27.833206749;0.0837610211923419;0.161668654221564;0.122714837706953;-0.0779076330292216;71;"Luxembourg";64.9285526488492;139.166666666667
"LVA";199;14.435192744;21.782249825;0.0838465436410846;0.126521785537779;0.105184164589432;-0.0426752418966943;74;"Latvia";30.853933878534;121.5
"MAC";77;0.162414973;12.422540236;0.000943384294419649;0.0721560896693839;0.0365497369819018;-0.0712127053749642;113;"Macao";50.0886408501828;163.833333333333
"MAR";182;28.733884598;44.554116738;0.166900224448025;0.25879174318718;0.212845983817602;-0.0918915187391555;58;"Morocco";110.394147641905;45.8333333333333
"MCO";NA;NA;NA;NA;NA;NA;NA;NA;NA;6.58854151360112;201.5
"MDA";80;5.343132786;5.343132786;0.0310354855848857;0.0310354855848857;0.0310354855848857;0;127;"Moldova";9.78238055039365;130.833333333333
"MDG";144;2.55426391;3.251415561;0.0148363935417267;0.0188857857020304;0.0168610896218786;-0.00404939216030365;151;"Madagascar";12.8632034532966;81
"MDV";75;1.889175145;1.889175145;0.0109732380474611;0.0109732380474611;0.0109732380474611;0;160;"Maldives";4.8369735003587;174.583333333333
"MEX";106;346.974936329;346.974936329;2.01539734572401;2.01539734572401;2.01539734572401;0;14;"Mexico";1180.09812601253;12.3333333333333
"MHL";53;11.69535551;11.69535551;0.0679322509617897;0.0679322509617897;0.0679322509617897;0;88;"Marshall Is.";0.20482925;201.333333333333
"MKD";141;7.173833822;8.519152282;0.04166907787776;0.0494833346714167;0.0455762062745883;-0.00781425679365676;106;"Macedonia";11.4548320080213;136.833333333333
"MLI";84;4.041085324;4.041085324;0.0234725675635296;0.0234725675635296;0.0234725675635296;0;137;"Mali";15.3693398124955;75.3333333333333
"MLT";179;4.124123299;18.410260637;0.023954892068521;0.106935650207066;0.0654452711377935;-0.0829807581385451;91;"Malta";13.1287670258343;165
"MMR";153;17.938968328;26.569910619;0.104198157756839;0.154330822578153;0.129264490167496;-0.0501326648213139;69;"Myanmar";71.2413547060017;47.6666666666667
"MNE";68;2.959820236;2.959820236;0.0171920597797831;0.0171920597797831;0.0171920597797831;0;150;"Montenegro";4.8636991058613;161.75
"MNG";99;7.67066614;5.668443493;0.0445549189865185;0.0329250466648876;0.038739982825703;0.0116298723216309;109;"Mongolia";12.2935198797345;103.166666666667
"MNP";38;0.164424696;0.164424696;0.000955057732399619;0.000955057732399619;0.000955057732399619;0;209;"N. Mariana Is.";1.27625;198.166666666667
"MOZ";94;11.001750601;11.001750601;0.0639034599852153;0.0639034599852153;0.0639034599852153;0;93;"Mozambique";14.2488741651607;70
"MRT";83;3.031444309;3.031444309;0.0176080868511946;0.0176080868511946;0.0176080868511946;0;148;"Mauritania";6.79476391545196;117.5
"MUS";155;1.858139962;4.738214132;0.0107929707748332;0.0275218270407004;0.0191573989077668;-0.0167288562658672;143;"Mauritius";13.0828967434937;151.5
"MWI";123;0.919165224;1.495533655;0.00533895379398498;0.00868677890863556;0.00701286635131027;-0.00334782511465058;169;"Malawi";6.53871028011186;108.166666666667
"MYS";215;229.147576811;207.917827067;1.33099935969461;1.20768676041259;1.2693430600536;0.12331259928202;22;"Malaysia";329.023749094297;53.3333333333333
"NAM";166;3.350674904;5.254433399;0.0194623317158059;0.0305202768755234;0.0249913042956647;-0.0110579451597174;134;"Namibia";12.100052857469;117.916666666667
"NER";78;1.382344713;1.382344713;0.00802932308290466;0.00802932308290466;0.00802932308290466;0;165;"Niger";11.3977536621455;82.3333333333333
"NGA";102;46.194038566;46.194038566;0.268317198063875;0.268317198063875;0.268317198063875;0;50;"Nigeria";422.502136877649;19.1666666666667
"NIC";115;5.158087669;4.90379173;0.0299606545276725;0.0284835813825303;0.0292221179551014;0.0014770731451422;130;"Nicaragua";13.0827040391839;109.833333333333
"NLD";232;563.705705044;616.926971946;3.27427391077585;3.58340863152887;3.42884127115236;-0.309134720753012;6;"Netherlands";840.751414899466;66.1666666666667
"NOR";209;103.818784007;83.078201263;0.603029440505769;0.482558158478091;0.54279379949193;0.120471282027679;36;"Norway";398.103682789325;75.6666666666667
"NPL";79;10.062726459;10.062726459;0.0584491560421689;0.0584491560421689;0.0584491560421689;0;96;"Nepal";25.5184482332122;89.1666666666667
"NRU";28;0.048112057;0.048112057;0.000279457971809181;0.000279457971809181;0.000279457971809181;0;218;"Nauru";0.107739476112083;213.166666666667
"NZL";216;36.869371291;38.515021477;0.214155044812624;0.223713772748263;0.218934408780443;-0.00955872793563908;56;"New Zealand";197.191287636296;89.5
"OMN";98;22.93771252;22.93771252;0.133233268716431;0.133233268716431;0.133233268716431;0;67;"Oman";72.1196968826072;95
"PAK";194;23.205795874;44.219850614;0.134790425800458;0.256850164737156;0.195820295268807;-0.122059738936698;62;"Pakistan";289.313494047828;21.6666666666667
"PAN";90;40.202123306;40.202123306;0.233513271767145;0.233513271767145;0.233513271767145;0;54;"Panama";61.22948;110.166666666667
"PER";175;45.786953976;37.033369906;0.265952654933321;0.215107627661605;0.240530141297463;0.050845027271716;52;"Peru";208.320294690949;44
"PHL";209;68.6732088;120.646347509;0.398887032597181;0.700772024381556;0.549829528489368;-0.301884991784375;35;"Philippines";335.438203862933;36.1666666666667
"PLW";36;0.091436437;0.091436437;0.000531106812445745;0.000531106812445745;0.000531106812445745;0;215;"Palau";0.282084103886719;203.5
"PNG";69;4.486122335;4.486122335;0.0260575566126173;0.0260575566126173;0.0260575566126173;0;132;"Papua New Guinea";22.8327661406678;109.75
"POL";224;251.590581743;273.313437627;1.46135912875624;1.58753592571269;1.52444752723447;-0.126176796956442;19;"Poland";532.04422101613;35.1666666666667
"PRI";NA;NA;NA;NA;NA;NA;NA;NA;NA;103.42524;139.666666666667
"PRK";46;2.698204905;2.698204905;0.0156724720848432;0.0156724720848432;0.0156724720848432;0;153;"Dem. Rep. Korea";67.7669568418262;70.6666666666667
"PRT";214;66.771514551;86.398340085;0.387841077571256;0.501843121939974;0.444842099755615;-0.114002044368718;40;"Portugal";221.611198687453;79.5
"PRY";139;7.594027378;8.824021218;0.0441097641890322;0.0512541601117462;0.0476819621503892;-0.00714439592271407;103;"Paraguay";37.951446286348;88.3333333333333
"PSE";57;0.759542208;0.759542208;0.00441178652891825;0.00441178652891825;0.00441178652891825;0;183;"Palestine";15.4456;137.166666666667
"QAT";99;31.876283695;31.876283695;0.185152790083757;0.185152790083757;0.185152790083757;0;64;"Qatar";166.748752891912;113.333333333333
"ROU";197;77.122508284;94.68030129;0.447964628614474;0.549948736733198;0.498956682673836;-0.101984108118724;37;"Romania";213.817659808337;52.6666666666667
"RUS";196;421.579232981;250.58078845;2.44873498977066;1.45549376354003;1.95211437665535;0.993241226230631;15;"Russia";1516.78541958676;5.83333333333333
"RWA";127;0.802317715;1.252301807;0.00466024725113035;0.00727397132650538;0.00596710928881787;-0.00261372407537504;174;"Rwanda";9.29723562325211;127.5
"SAU";105;115.179239095;115.179239095;0.669016428709615;0.669016428709615;0.669016428709615;0;33;"Saudi Arabia";713.456071671059;28.6666666666667
"SDN";88;6.201275905;6.201275905;0.0360199936377787;0.0360199936377787;0.0360199936377787;0;114;"Sudan";46.945951054652;44.6666666666667
"SEN";158;4.31252093;11.859198761;0.0250491961398043;0.0688839313819198;0.046966563760862;-0.0438347352421155;104;"Senegal";20.9251471366104;84.6666666666667
"SGP";218;373.942514564;286.729188016;2.1720380131176;1.66546105774369;1.91874953543064;0.506576955373908;17;"Singapore";342.759887961006;112.166666666667
"SLB";41;0.424301838;0.424301838;0.00246454918945552;0.00246454918945552;0.00246454918945552;0;192;"Solomon Is.";1.47064987065274;172.916666666667
"SLE";84;1.123418336;1.123418336;0.00652535412634312;0.00652535412634312;0.00652535412634312;0;171;"Sierra Leone";3.96798897561636;125.75
"SLV";128;5.920182673;8.774897546;0.034387268923805;0.0509688261933702;0.0426780475585876;-0.0165815572695652;107;"El Salvador";25.149784;115.666666666667
"SMR";59;0.302475475;0.302475475;0.00175692306744479;0.00175692306744479;0.00175692306744479;0;198;"San Marino";1.51792590584527;205.666666666667
"SRB";174;19.630141523;26.04966483;0.114021305228017;0.151308984766558;0.132665144997288;-0.0372876795385404;68;"Serbia";45.3286648498121;90.6666666666667
"SSD";50;0.462739026;0.462739026;0.00268781086792685;0.00268781086792685;0.00268781086792685;0;190;"S. Sudan";11.9978007602242;96
"STP";45;0.097493061;0.097493061;0.000566286598233137;0.000566286598233137;0.000566286598233137;0;212;"São Tomé and Principe";0.373614900656056;186.75
"SUR";79;1.316797184;1.316797184;0.00764859150222326;0.00764859150222326;0.00764859150222326;0;167;"Suriname";3.65891158906814;149.583333333333
"SVK";201;89.798040674;80.009631331;0.521590218418522;0.464734428148885;0.493162323283704;0.0568557902696369;38;"Slovakia";96.8797676342766;98.3333333333333
"SVN";199;37.545192884;43.54085107;0.21808054173504;0.252906208746548;0.235493375240794;-0.0348256670115077;53;"Slovenia";48.9497947416754;128.666666666667
"SWE";222;156.003103638;147.059022656;0.90614107267567;0.854189547698744;0.880165310187207;0.051951524976926;29;"Sweden";529.623288616093;61.3333333333333
"SWZ";117;2.009140357;1.917600349;0.0116700537091398;0.0111383453065022;0.011404199507821;0.00053170840263754;157;"Swaziland";4.2837350699188;160.5
"SXM";45;0.769012944;0.769012944;0.00446679711959203;0.00446679711959203;0.00446679711959203;0;182;"Sint Maarten";1.22346368715084;199.666666666667
"SYC";104;0.42967381;0.805334898;0.00249575218706869;0.00467777250143834;0.00358676234425351;-0.00218202031436965;185;"Seychelles";1.52360600205905;193.166666666667
"TCA";50;0.400639302;0.400639302;0.00232710579728416;0.00232710579728416;0.00232710579728416;0;194;"Turks and Caicos Is.";1.061496;197.5
"TCD";69;0.880823772;0.880823772;0.00511624819625635;0.00511624819625635;0.00511624819625635;0;178;"Chad";10.7205368414187;93.0833333333333
"TGO";122;1.385866412;10.300565751;0.00804977880484277;0.0598306410649118;0.0339402099348773;-0.051780862260069;119;"Togo";4.86848735792672;119.833333333333
"THA";224;229.582884552;200.437113958;1.33352783646318;1.1642351800088;1.24888150823599;0.169292656454388;23;"Thailand";464.216768450654;26.5
"TJK";63;3.976365406;3.976365406;0.0230966431456662;0.0230966431456662;0.0230966431456662;0;138;"Tajikistan";7.52094406226427;118
"TKM";64;2.77185884;2.77185884;0.0161002895712347;0.0161002895712347;0.0161002895712347;0;152;"Turkmenistan";37.6667857142857;84.3333333333333
"TLS";NA;NA;NA;NA;NA;NA;NA;NA;NA;1.68443546;165
"TON";44;0.196339773;0.196339773;0.0011404358526607;0.0011404358526607;0.0011404358526607;0;204;"Tonga";0.463902227508209;193.416666666667
"TTO";88;6.517349773;6.517349773;0.0378559027134011;0.0378559027134011;0.0378559027134011;0;112;"Trinidad and Tobago";23.5800728762199;133.833333333333
"TUN";163;13.982327245;19.070736573;0.0812160829677259;0.110772012171455;0.0959940475695906;-0.0295559292037295;77;"Tunisia";40.6688213024041;78.75
"TUR";218;180.501712501;212.53488859;1.04844077823597;1.23450487481863;1.1414728265273;-0.186064096582657;25;"Turkey";826.558675688279;18.8333333333333
"TUV";NA;NA;NA;NA;NA;NA;NA;NA;NA;0.0405037508207266;214
"TZA";97;10.148879124;10.148879124;0.0589495721650309;0.0589495721650309;0.0589495721650309;0;95;"Tanzania";54.3303029467775;48.5
"UGA";94;3.499949022;3.499949022;0.0203293876028549;0.0203293876028549;0.0203293876028549;0;141;"Uganda";32.0329214671837;72
"UKR";104;54.933783195;54.933783195;0.319081839204671;0.319081839204671;0.319081839204671;0;46;"Ukraine";116.252047156249;33.3333333333333
"URY";164;7.18080929;11.150561633;0.0417095947515178;0.0647678260460045;0.0532387103987611;-0.0230582312944866;98;"Uruguay";56.2269605998025;100.5
"USA";222;1365.659390624;2180.534736738;7.9324067039151;12.665594717521;10.299000710718;-4.73318801360588;2;"United States";19694.4808892;2.33333333333333
"UZB";102;8.338175401;20.089698144;0.0484321338859543;0.116690631156779;0.0825613825213665;-0.0682584972708243;81;"Uzbekistan";66.2200524103654;49.6666666666667
"VCT";68;0.279566376;0.279566376;0.00162385599981732;0.00162385599981732;0.00162385599981732;0;201;"St. Vin. and Gren.";0.791605185185185;191.833333333333
"VIR";NA;NA;NA;NA;NA;NA;NA;NA;NA;3.822;192.833333333333
"VNM";125;256.244515746;263.830887419;1.48839141626397;1.53245671243552;1.51042406434974;-0.0440652961715442;20;"Vietnam";225.88641557439;36.5
"VUT";52;0.271682862;0.271682862;0.00157806475806748;0.00157806475806748;0.00157806475806748;0;202;"Vanuatu";0.858601356457874;181.416666666667
"WSM";44;0.420562806;0.420562806;0.00244283109290335;0.00244283109290335;0.00244283109290335;0;193;"Samoa";0.818716727630939;187.083333333333
"XKX";NA;NA;NA;NA;NA;NA;NA;NA;NA;7.2553780883742;143.166666666667
"YEM";81;2.738269752;8.272910392;0.015905187989787;0.0480530433173418;0.0319791156535644;-0.0321478553275548;123;"Yemen";29.2380183495323;73.5
"ZAF";221;81.767034789;86.053349033;0.474942272848253;0.499839247948799;0.487390760398526;-0.0248969751005458;39;"South Africa";336.650502240703;23.5
"ZMB";129;6.815158096;5.232979853;0.0395857167168529;0.0303956643599272;0.0349906905383901;0.00919005235692571;117;"Zambia";23.5376347045186;79
"ZWE";109;3.595353346;3.273091761;0.0208835418117856;0.0190116914991683;0.019947616655477;0.00187185031261732;142;"Zimbabwe";21.66100406;82.3333333333333
